url,locale,primary_keyword,secondary_keyword_1,secondary_keyword_2,secondary_keyword_3,secondary_keyword_4,secondary_keyword_5
https://shifaalhind.com/medical-tourism/saudi-arabia/riyadh,en,medical tourism Riyadh to India,Riyadh medical travel India cost,Saudi Arabia healthcare India visa,medical treatment Riyadh patients Bangalore,Arabic support medical tourism India,compare Riyadh hospitals vs India
https://shifaalhind.com/ar/medical-tourism/saudi-arabia/riyadh,ar,السياحة العلاجية من الرياض إلى الهند,تكلفة العلاج الطبي الرياض مقابل الهند,تأشيرة طبية من السعودية إلى الهند,مستشفيات بنغالور للمرضى السعوديين,دعم عربي السياحة العلاجية الهند,مقارنة مستشفيات الرياض والهند
https://shifaalhind.com/medical-tourism/saudi-arabia/riyadh/heart-surgery,en,heart surgery Riyadh to India,heart surgery cost Riyadh vs Bangalore,cardiac surgery Riyadh patients India,best cardiac hospitals Bangalore Saudi patients,heart surgery visa assistance Riyadh,Arabic cardiology services India
https://shifaalhind.com/ar/medical-tourism/saudi-arabia/riyadh/heart-surgery,ar,جراحة القلب من الرياض إلى الهند,تكلفة جراحة القلب الرياض مقابل الهند,أفضل مستشفيات القلب بنغالور للسعوديين,تأشيرة طبية جراحة القلب من الرياض,دعم عربي جراحة القلب في الهند,مقارنة أسعار جراحة القلب السعودية الهند
https://shifaalhind.com/blog/saudi-arabia/riyadh/heart-surgery/cost-comparison-riyadh-bangalore,en,heart surgery cost Riyadh vs Bangalore,cardiac surgery price comparison Saudi India,heart valve replacement cost Riyadh Bangalore,CABG surgery cost comparison GCC India,affordable heart surgery Riyadh patients,heart surgery packages Saudi Arabia India
https://shifaalhind.com/ar/blog/saudi-arabia/riyadh/heart-surgery/cost-comparison-riyadh-bangalore,ar,تكلفة جراحة القلب الرياض مقابل بنغالور,مقارنة أسعار جراحة القلب السعودية الهند,تكلفة استبدال صمام القلب الرياض بنغالور,سعر عملية القلب المفتوح السعودية الهند,جراحة قلب بأسعار معقولة للمرضى السعوديين,باقات جراحة القلب من السعودية إلى الهند
https://shifaalhind.com/blog/saudi-arabia/riyadh/heart-surgery/best-hospitals-bangalore-cardiac-care,en,best cardiac hospitals Bangalore for Saudi patients,top heart surgery hospitals India for Riyadh patients,JCI accredited cardiac hospitals Bangalore,Narayana Health cardiac surgery Saudi patients,Fortis heart hospital Bangalore GCC patients,cardiac care excellence Bangalore Saudi Arabia
https://shifaalhind.com/ar/blog/saudi-arabia/riyadh/heart-surgery/best-hospitals-bangalore-cardiac-care,ar,أفضل مستشفيات القلب في بنغالور للمرضى السعوديين,مستشفيات جراحة القلب المعتمدة دولياً بنغالور,مستشفى ناراي انا الصحي لجراحة القلب للسعوديين,رعاية القلب المتميزة في بنغالور للمرضى السعوديين,مستشفيات القلب بنغالور المعتمدة من JCI,أفضل جراحي القلب في بنغالور للخليجيين
https://shifaalhind.com/blog/saudi-arabia/riyadh/heart-surgery/medical-visa-process-saudi-india,en,medical visa India for Saudi patients heart surgery,e-medical visa process Saudi Arabia to India,India medical visa requirements Riyadh patients,how to get medical visa Saudi to India cardiac,visa assistance heart surgery India Saudi,medical attendant visa India for Saudi patients
https://shifaalhind.com/ar/blog/saudi-arabia/riyadh/heart-surgery/medical-visa-process-saudi-india,ar,تأشيرة طبية من السعودية إلى الهند لجراحة القلب,إجراءات التأشيرة الطبية الإلكترونية من السعودية,متطلبات التأشيرة الطبية للهند من الرياض,كيفية الحصول على تأشيرة طبية من السعودية للهند,مساعدة في التأشيرة الطبية لجراحة القلب,تأشيرة مرافق طبي من السعودية إلى الهند
https://shifaalhind.com/blog/saudi-arabia/riyadh/heart-surgery/recovery-timeline-cardiac-surgery,en,heart surgery recovery timeline Saudi patients India,cardiac surgery recovery period Bangalore,post-operative care heart surgery India Saudi,heart surgery rehabilitation timeline Saudi patients,how long recovery after heart surgery India,cardiac surgery follow-up care Saudi patients Bangalore
https://shifaalhind.com/ar/blog/saudi-arabia/riyadh/heart-surgery/recovery-timeline-cardiac-surgery,ar,جدول التعافي بعد جراحة القلب للمرضى السعوديين,فترة النقاهة بعد جراحة القلب في الهند,الرعاية بعد العملية لجراحة القلب في بنغالور,إعادة التأهيل بعد جراحة القلب للسعوديين,مدة التعافي بعد عملية القلب المفتوح,متابعة ما بعد جراحة القلب للمرضى السعوديين
https://shifaalhind.com/blog/saudi-arabia/riyadh/heart-surgery/arabic-support-cardiac-treatment-india,en,Arabic support cardiac treatment India Riyadh patients,Arabic-speaking cardiologists Bangalore,medical translator Arabic cardiac surgery India,Arabic coordination services heart surgery India,bilingual cardiac care Bangalore Saudi patients,Arabic patient care heart treatment India
https://shifaalhind.com/ar/blog/saudi-arabia/riyadh/heart-surgery/arabic-support-cardiac-treatment-india,ar,دعم عربي لعلاج القلب في الهند لمرضى الرياض,أطباء قلب يتحدثون العربية في بنغالور,مترجم طبي عربي لجراحة القلب في الهند,خدمات التنسيق بالعربية لجراحة القلب,رعاية القلب ثنائية اللغة في بنغالور,رعاية المرضى العرب لعلاج القلب في الهند
https://shifaalhind.com/medical-tourism/saudi-arabia/riyadh/knee-replacement,en,knee replacement Riyadh to India,knee replacement cost Riyadh vs India,total knee arthroplasty Riyadh patients Bangalore,best orthopedic surgeons India Saudi patients,knee surgery visa assistance Riyadh,bilateral knee replacement India cost Saudi
https://shifaalhind.com/ar/medical-tourism/saudi-arabia/riyadh/knee-replacement,ar,استبدال الركبة من الرياض إلى الهند,تكلفة استبدال الركبة الرياض مقابل الهند,جراحة استبدال الركبة الكامل للسعوديين,أفضل جراحي العظام في الهند للمرضى السعوديين,تأشيرة طبية لجراحة الركبة من الرياض,استبدال الركبتين معاً في الهند للسعوديين
https://shifaalhind.com/medical-tourism/united-arab-emirates/dubai,en,medical tourism Dubai to India,Dubai medical travel India cost,UAE healthcare India visa,medical treatment Dubai patients Bangalore,Arabic support medical tourism India UAE,compare Dubai hospitals vs India
https://shifaalhind.com/ar/medical-tourism/united-arab-emirates/dubai,ar,السياحة العلاجية من دبي إلى الهند,تكلفة العلاج الطبي دبي مقابل الهند,تأشيرة طبية من الإمارات إلى الهند,مستشفيات بنغالور لمرضى دبي,دعم عربي السياحة العلاجية الهند الإمارات,مقارنة مستشفيات دبي والهند
https://shifaalhind.com/medical-tourism/united-arab-emirates/dubai/heart-surgery,en,heart surgery Dubai to India,heart surgery cost Dubai vs Bangalore,cardiac surgery Dubai patients India,best cardiac hospitals Bangalore UAE patients,heart surgery visa assistance Dubai,Arabic cardiology services India UAE
https://shifaalhind.com/ar/medical-tourism/united-arab-emirates/dubai/heart-surgery,ar,جراحة القلب من دبي إلى الهند,تكلفة جراحة القلب دبي مقابل الهند,أفضل مستشفيات القلب بنغالور لمرضى الإمارات,تأشيرة طبية جراحة القلب من دبي,دعم عربي جراحة القلب في الهند للإماراتيين,مقارنة أسعار جراحة القلب الإمارات الهند
